{"(2013 AY52)": {"size_km": 0.6223575734, "speed_km_s": 17.4222331434}, "(2013 TK4)": {"size_km": 0.0950692305, "speed_km_s": 17.9086965031}, "(2014 BM25)": {"size_km": 0.0142573883, "speed_km_s": 15.3371937843}, "(2017 AZ13)": {"size_km": 0.2388031102, "speed_km_s": 11.9983637463}, "(2019 AR8)": {"size_km": 0.0448786701, "speed_km_s": 22.7966474576}, "(2019 LS1)": {"size_km": 0.189688053, "speed_km_s": 12.4314874464}, "(2019 QS6)": {"size_km": 0.0358129403, "speed_km_s": 5.1027498837}, "(2019 YA5)": {"size_km": 0.0375007522, "speed_km_s": 12.6061556875}, "(2022 UF4)": {"size_km": 0.0734581487, "speed_km_s": 11.5515942115}, "(2022 WF2)": {"size_km": 0.0322136532, "speed_km_s": 9.5944349644}, "(2024 GE2)": {"size_km": 0.0151370059, "speed_km_s": 4.8695813606}, "(2024 XP10)": {"size_km": 0.0724502651, "speed_km_s": 8.4207397855}, "(2024 XB20)": {"size_km": 0.0375007522, "speed_km_s": 2.839333716}, "(2024 YR3)": {"size_km": 0.0483103272, "speed_km_s": 3.6956346823}, "(2024 YF7)": {"size_km": 0.0418832119, "speed_km_s": 13.5690330333}, "(2024 YR8)": {"size_km": 0.0714562102, "speed_km_s": 16.2042977054}, "(2024 YR9)": {"size_km": 0.0422707525, "speed_km_s": 20.7411443242}, "(2024 YS9)": {"size_km": 0.016219594, "speed_km_s": 21.2159080739}, "(2025 AO1)": {"size_km": 0.0153475826, "speed_km_s": 8.1109076864}, "(2025 AA2)": {"size_km": 0.0359782453, "speed_km_s": 13.522628461}, "(2025 AE2)": {"size_km": 0.0688715693, "speed_km_s": 9.8631484964}, "(2011 GE3)": {"size_km": 0.0396314515, "speed_km_s": 8.3173566881}, "(2021 NT5)": {"size_km": 0.0223892723, "speed_km_s": 8.1996036081}, "(2021 VR3)": {"size_km": 1.4860724357, "speed_km_s": 9.7030438006}, "(2022 EQ6)": {"size_km": 0.0340439527, "speed_km_s": 24.3814294261}, "(2024 YV1)": {"size_km": 0.033887535, "speed_km_s": 5.7987642551}, "(2024 YD2)": {"size_km": 0.063101543, "speed_km_s": 8.7690673962}, "(2024 YY4)": {"size_km": 0.0306224531, "speed_km_s": 4.0085267342}, "(2024 YY8)": {"size_km": 0.0106669431, "speed_km_s": 4.7580939652}, "(2024 YZ8)": {"size_km": 0.1091540813, "speed_km_s": 21.4762910009}, "(2024 YJ9)": {"size_km": 0.0155610887, "speed_km_s": 14.1845754203}, "(2024 YV10)": {"size_km": 0.0345175513, "speed_km_s": 5.8480710628}, "(2025 AG1)": {"size_km": 0.0075169209, "speed_km_s": 2.645140072}, "(2025 AC4)": {"size_km": 0.0724502651, "speed_km_s": 15.9737833452}}